"DE","([^A-Za-z0-9_]|^)([0-9]{5})([^A-Za-z0-9_]|$)",,
"GB","([^A-Za-z0-9_]|^)([A-PR-UWYZ]([0-9]{1,2}|([A-HK-Y][0-9]|[A-HK-Y][0-9]([0-9]|[ABEHMNPRV-Y]))|[0-9][A-HJKS-UW])\ ?[0-9]([ABD-HJLNP-UW-Z]{2}|(GIR\ 0AA)|(SAN\ TA1)|(BFPO\ (C\/O\ )?[0-9]{1,4})|((ASCN|BBND|[BFS]IQQ|PCRN|STHL|TDCU|TKCA)\ 1ZZ))?)([^A-Za-z0-9_]|$)",,
"US","([^A-Za-z0-9_]|^)[0-9]{5}(-[0-9]{4})?([^A-Za-z0-9_]|$)","([^A-Za-z0-9_]|^)[0-9]{5}(?(?=-)-[0-9]{4})([^A-Za-z0-9_]|$)","([^A-Za-z0-9_]|^)([A-Z]){2} ?[0-9]{5}(-[0-9]{4})?([^A-Za-z0-9_]|$)"
"CA","([^A-Za-z0-9_]|^)(A(0[ABCEGHJ-NPR]|1[ABCEGHK-NSV-Y]|2[ABHNV]|5[A]|8[A])|B(0[CEHJ-NPRSTVW]|1[ABCEGHJ-NPRSTV-Y]|2[ABCEGHJNRSTV-Z]|3[ABEGHJ-NPRSTVZ]|4[ABCEGHNPRV]|5[A]|6[L]|9[A])|C(0[AB]|1[ABCEN])|E(1[ABCEGHJNVWX]|2[AEGHJ-NPRSV]|3[ABCELNVYZ]|4[ABCEGHJ-NPRSTV-Z]|5[ABCEGHJ-NPRSTV]|6[ABCEGHJKL]|7[ABCEGHJ-NP]|8[ABCEGJ-NPRST]|9[ABCEGH])|G(0[ACEGHJ-NPRSTV-Z]|1[ABCEGHJ-NPRSTV-Y]|2[ABCEGJ-N]|3[ABCEGHJ-NZ]|4[ARSTVWXZ]|5[ABCHJLMNRTVXYZ]|6[ABCEGHJKLPRSTVWXZ]|7[ABGHJKNPSTXYZ]|8[ABCEGHJ-NPTVWYZ]|9[ABCHNPRTX])|H(0[HM]|1[ABCEGHJ-NPRSTV-Z]|2[ABCEGHJ-NPRSTV-Z]|3[ABCEGHJ-NPRSTV-Z]|4[ABCEGHJ-NPRSTV-Z]|5[AB]|7[ABCEGHJ-NPRSTV-Y]|8[NPRSTYZ]|9[ABCEGHJKPRSWX])|J(0[ABCEGHJ-NPRSTV-Z]|1[ACEGHJ-NRSTXZ]|2[ABCEGHJ-NRSTWXY]|3[ABEGHLMNPRTVXYZ]|4[BGHJ-NPRSTV-Z]|5[ABCJ-MRTV-Z]|6[AEJKNRSTVWYXZ]|7[ABCEGHJ-NPRTV-Z]|8[ABCEGHLMNPRTVXYZ]|9[ABEHJLNTVXYZ])|K(0[ABCEGHJ-M]|1[ABCEGHJ-NPRSTV-Z]|2[ABCEGHJ-MPRSTVW]|4[ABCKMPR]|6[AHJKTV]|7[ACGHK-NPRSV]|8[ABHNPRV]|9[AHJKLV])|L(0[[ABCEGHJ-NPRS]]|1[ABCEGHJ-NPRSTV-Z]|2[AEGHJMNPRSTVW]|3[BCKMPRSTVXYZ]|4[ABCEGHJ-NPRSTV-Z]|5[ABCEGHJ-NPRSTVW]|6[ABCEGHJ-MPRSTV-Z]|7[ABCEGJ-NPRST]|8[EGHJ-NPRSTVW]|9[ABCGHK-NPRSTVWYZ])|M(1[BCEGHJ-NPRSTVWX]|2[HJ-NPR]|3[ABCHJ-N]|4[ABCEGHJ-NPRSTV-Y]|5[ABCEGHJ-NPRSTVWX]|6[ABCEGHJ-NPRS]|7[AY]|8[V-Z]|9[ABCLMNPRVW])|N(0[ABCEGHJ-NPR]|1[ACEGHKLMPRST]|2[ABCEGHJ-NPRTVZ]|3[ABCEHLPRSTVWY]|4[BGKLNSTVWXZ]|5[ACHLPRV-Z]|6[ABCEGHJ-NP]|7[AGLMSTVWX]|8[AHMNPRSTV-Y]|9[ABCEGHJKVY])|P(0[ABCEGHJ-NPRSTV-Y]|1[ABCHLP]|2[ABN]|3[ABCEGLNPY]|4[NPR]|5[AEN]|6[ABC]|7[ABCEGJKL]|8[NT]|9[AN])|R(0[ABCEGHJ-M]|1[ABN]|2[CEGHJ-NPRV-Y]|3[ABCEGHJ-NPRSTV-Y]|4[AHJKL]|5[AGH]|6[MW]|7[ABCN]|8[AN]|9[A])|S(0[ACEGHJ-NP]|2[V]|3[N]|4[AHLNPRSTV-Z]|6[HJKVWX]|7[HJ-NPRSTVW]|9[AHVX])|T(0[ABCEGHJ-MPV]|1[ABCGHJ-MPRSV-Y]|2[ABCEGHJ-NPRSTV-Z]|3[ABCEGHJ-NPRZ]|4[ABCEGHJLNPRSTVX]|5[ABCEGHJ-NPRSTV-Z]|6[ABCEGHJ-NPRSTVWX]|7[AENPSVXYZ]|8[ABCEGHLNRSVWX]|9[ACEGHJKMNSVWX])|V(0[ABCEGHJ-NPRSTVWX]|1[ABCEGHJ-NPRSTV-Z]|2[ABCEGHJ-NPRSTV-Z]|3[ABCEGHJ-NRSTV-Y]|4[ABCEGK-NPRSTVWXZ]|5[ABCEGHJ-NPRSTV-Z]|6[ABCEGHJ-NPRSTV-Z]|7[ABCEGHJ-NPRSTV-Y]|8[ABCGJ-NPRSTV-Z]|9[ABCEGHJ-NPRSTV-Z])|X(0[ABCGX]|1[A])|Y(0[AB]|1[A]))[ ]?[0-9]{1}[ABCEGHJ-NPRSTV-Z]{1}[0-9]{1}([^A-Za-z0-9_]|$)",,
"RO","([^A-Za-z0-9_]|^)([0-9]{6})([^A-Za-z0-9_]|$)",,
"FR","([^A-Za-z0-9_]|^)([0-9]{5})([^A-Za-z0-9_]|$)",,
"IT","([^A-Za-z0-9_]|^)([0-9]{5})([^A-Za-z0-9_]|$)",,
"SP","([^A-Za-z0-9_]|^)([0-9]{5})([^A-Za-z0-9_]|$)",,
"AT","([^A-Za-z0-9_]|^)([0-9]{4})([^A-Za-z0-9_]|$)",,
"CH","([^A-Za-z0-9_]|^)([0-9]{4})([^A-Za-z0-9_]|$)",,
"NL","([^A-Za-z0-9_]|^)([0-9]{4}(?:[A-Za-z]{2}))([^A-Za-z0-9_]|$)",,